"1","Haramaki","Un'haramaki, chiamata anche ""scaldapancia"", è una semplice fascia di seta rivestita di cotta di maglia o di piastre di metallo articolate, da legare all'altezza dello stomaco per proteggerlo.","1","300",NULL,"Armatura"
"2","Imbottita",NULL,"10","500",NULL,"Armatura"
"3","Kilt Corazzato","Questo oggetto, pensato principalmente per difendere le gambe e il basso ventre, può essere utilizzato da solo o collegato a un'altra armatura leggera o media per renderla più efficace. Un'armatura leggera o media con abbinato un kilt corazzato conta, rispettivamente, come armatura media o pesante. Attaccare un kilt corazzato a un'armatura pesante non modifica in nessun modo il bonus CA concesso dall'armatura.","15","2000",NULL,"Armatura"
"4","Armatura Cerimoniale di Seta","Queste vesti, usate a scopi cerimoniali, o a volte indossate (senza fornire nessun beneficio aggiuntivo) sopra armature più pesanti, sono costituite da vari strati di stoffa e uno strato esterno di seta, finemente intessuto di disegni di broccato dorato e ricoperto con borchie di metallo.","4","3000",NULL,"Armatura"
"5","Imbottitura Trapuntata","Questa forma migliorata di armatura imbottita ha strati interni creati per intrappolare frecce, dardi, shuriken, pugnali lanciati ed altre piccole armi da lancio. Queste armi, quando colpiscono, tendono a venire bloccate da questi strati e non producono ferite. Si ottiene RD 3/— contro attacchi di questo tipo. Gli strati dell’armatura non hanno effetto contro altri tipi di armi.","15","10000",NULL,"Armatura"
"6","Cuoio",NULL,"15","1000",NULL,"Armatura"
"7","Corazza Lamellare",NULL,"8","1500",NULL,"Armatura"
"8","Armatura di Palissandro","Questa armatura completa di cuoio è avvolta in speciali viti di rosa. Trattare questa armatura come un'armatura di cuoio chiodata. I viticci devono essere innaffiati con almeno 3,7 litri d'acqua al giorno o avvizziranno e moriranno, trasformando l'armatura in una semplice armatura di cuoio.","15","5000",NULL,"Armatura"
"9","Armatura di Legno","Questa armatura di cuoio ha pezzi di legno temprati a fuoco cuciti sui punti vitali. Pur non essendo efficace come le armature di metallo, offre maggiore protezione rispetto al semplice cuoio. A differenza del metallo, il legno permette di galleggiare, e la penalità di armatura alla prova per le prove di Nuotare è 0.","25","2000",NULL,"Armatura"
"10","Cuoio Borchiato",NULL,"20","2500",NULL,"Armatura"
"11","Lamellare di Cuoio",NULL,"25","6000",NULL,"Armatura"
"12","Giaco di Maglia",NULL,"25","10000",NULL,"Armatura"
"13","Pelle",NULL,"25","1500",NULL,"Armatura"
"14","Manto Corazzato",NULL,"20","5000",NULL,"Armatura"
"15","Armatura Kikko","È composta da varie piastre esagonali di ferro cucite sul tessuto. Le piastre possono essere nascoste da un altro strato di tessuto o lasciate scoperte.","25","3000",NULL,"Armatura"
"16","Corazza di Scaglie",NULL,"30","5000",NULL,"Armatura"
"17","Lamellare di Corno",NULL,"30","10000",NULL,"Armatura"
"18","Do-Maru","L'armatura do-maru, la più leggera tra tutte quelle da samurai, avvolge il corpo del portatore come una giubba corazzata. È composta principalmente da lamelle ed è priva di un pettorale solido o maniche. Consente quindi al portatore una maggiore flessibilità rispetto alle armature più pesanti.","30","20000",NULL,"Armatura"
"19","Armatura a Dischi","Questa armatura è composta da quattro piastre legate assieme da cinghie di cuoio all'altezza delle spalle. Due dischi rotondi proteggono il lato frontale e posteriore del portatore, mentre due piastre rettangolari più piccole coprono i fianchi del torace. L'armatura a dischi si indossa sopra una cotta di maglia per ottenere maggiore protezione e include un elmetto con spuntoni e un cappuccio di cotta di maglia.","45","4500",NULL,"Armatura"
"20","Cotta di Maglia",NULL,"40","15000",NULL,"Armatura"
"21","Lamellare di Acciaio",NULL,"35","15000",NULL,"Armatura"
"22","Corazza di Piastre",NULL,"30","20000",NULL,"Armatura"
"23","Armatura della Montagna",NULL,"40","25000",NULL,"Armatura"
"24","Corazza di Piastre Flessibile","Questa corazza di piastre è fatta in modo da permettere maggiore agilità nelle attività fisiche. La penalità di armatura alla prova per le prove di Scalare e saltare è soltanto –1 (le versioni perfette e di mithral riducono anche questa penalità oltre a quella normale).","25","40000",NULL,"Armatura"
"25","Lamellare di Ferro",NULL,"50","20000",NULL,"Armatura"
"26","Corazza a Strisce","Questa corazza è fatta di strette strisce metalliche verticali, come quella di bande. Comprende i guanti d’arme.","45","20000",NULL,"Armatura"
"27","Corazza di Bande",NULL,"35","25000",NULL,"Armatura"
"28","Kusari Gusoku",NULL,"45","35000",NULL,"Armatura"
"29","Tatami-Do","La tatami-do, indossata dai samurai come alternativa più leggera alla o-yoroi, è un'armatura da campo a corpo completo che combina varie componenti lamellari di metallo e kikko per formare un'armatura di maglia con uno sostrato di tessuto. Solitamente include un elmo kabuto richiudibile o un cappuccio corazzato, oltre a protezione per le braccia, le spalle e le cosce.","45","100000",NULL,"Armatura"
"30","Giaco di Pietra",NULL,"45","50000",NULL,"Armatura"
"31","Mezza Armatura",NULL,"50","60000",NULL,"Armatura"
"32","Mezza Armatura Flessibile","Questo tipo di mezza armatura è fatta in modo da permettere maggiore agilità nelle attività fisiche. La penalità di armatura alla prova per le prove di Acrobazia per saltare e di Scalare è soltanto –4 (le versioni perfette e di mithral riducono anche questa penalità oltre a quella normale). In più, a differenza delle normali armature pesanti, chi la indossa può correre al quadruplo della sua velocità invece che soltanto al triplo.","55","85000",NULL,"Armatura"
"33","O-Yoroi","La o-yoroi, o ""grande armatura"", indossata quasi esclusivamente da samurai di alto rango è un'armatura pesante da combattimento composta da varie componenti supplementari che includono sia elementi a piastre che lamellari. Ogni singola armatura è fabbricata appositamente per uno specifico individuo ed esprime i gusti estetici del proprietario. Una volta completata, l'armatura viene colorata e sigillata con uno strato finale di laccatura. Il pezzo centrale di una o-yoroi è una corazza composta da due parti, un rinforzo separato per il lato destro chiamato waidate, e una corazza kikko. La parte superiore del waidate è composta da una piastra di ferro ricoperta di cuoio. Le cinghie di cuoio della corazza, chiamate watagami, sono a loro volta protette da piastre di metallo. Numerosi pezzi supplementari sono fissati alla corazza, tra cui ampi guardaspalle lamellari, una manica kikko per il braccio dello scudo, schiniere di ferro laccate e indossate su gambali di seta imbottita e una protezione per il bacino. Tuttavia, l'elemento più distintivo di ogni armatura è l'elmo kabuto a strati e la maschera ho-ate che lo accompagna. Le maschere ho-ate possono essere fatte di cuoio indurito o di metallo, e sono lavorate per riprodurre volti terribili come quelli degli oni, dei draghi o di altri esseri mitologici.","45","170",NULL,"Armatura"
"34","Armatura Completa","Questa armatura comprende guanti d’arme, pesanti calzari di cuoio, un elmo con visiera e uno spesso strato di imbottitura che si indossa sotto. Ogni armatura completa deve essere adattata al suo proprietario da un esperto fabbricante di armature, anche se un’armatura conquistata può essere modificata per un nuovo possessore a un costo variabile tra le 200 e le 800 (2d4 x 100) monete d’oro.","50","150",NULL,"Armatura"
"35","Buckler",NULL,"5","500",NULL,"Mano"
"36","Scudo Leggero di Legno","Uno scudo si aggancia all’avambraccio e lo si tiene con la mano. Il peso scarso di uno scudo leggero permette di trasportare altri oggetti in quella mano, anche se non si possono usare armi.
Legno o Metallo: Gli scudi di legno o di metallo generalmente offrono la stessa protezione base, anche se rispondono in modo diverso ad alcuni incantesimi ed effetti.
Attacchi con lo Scudo: È possibile colpire violentemente un avversario con uno scudo leggero. Vedi “scudo leggero” alla Tabella: Armi per i danni inflitti da un attacco con lo scudo. Usato in questo modo, lo scudo leggero è un’arma da guerra contundente. Per quanto riguarda le penalità di attacco, bisogna considerare lo scudo leggero come un’arma leggera. Se si usa lo scudo come un’arma, si perde il suo bonus alla CA fino al turno successivo. Un bonus di potenziamento su uno scudo non migliora l’efficacia del colpo con lo scudo, ma lo scudo stesso può essere reso un’arma magica.","5","300",NULL,"Mano"
"37","Scudo Leggero di Metallo","Uno scudo si aggancia all’avambraccio e lo si tiene con la mano. Il peso scarso di uno scudo leggero permette di trasportare altri oggetti in quella mano, anche se non si possono usare armi.
Legno o Metallo: Gli scudi di legno o di metallo generalmente offrono la stessa protezione base, anche se rispondono in modo diverso ad alcuni incantesimi ed effetti.
Attacchi con lo Scudo: È possibile colpire violentemente un avversario con uno scudo leggero. Vedi “scudo leggero” alla Tabella: Armi per i danni inflitti da un attacco con lo scudo. Usato in questo modo, lo scudo leggero è un’arma da guerra contundente. Per quanto riguarda le penalità di attacco, bisogna considerare lo scudo leggero come un’arma leggera. Se si usa lo scudo come un’arma, si perde il suo bonus alla CA fino al turno successivo. Un bonus di potenziamento su uno scudo non migliora l’efficacia del colpo con lo scudo, ma lo scudo stesso può essere reso un’arma magica.","6","900",NULL,"Mano"
"38","Scudo Rapido Leggero di Legno","Questo scudo leggero ha speciali legami che permettono ad un personaggio competente negli scudi di impugnarlo o rimetterlo via sulla sua schiena in fretta e con facilità. Se si possiede Bonus di Attacco Base +1 o superiore è possibile impugnarlo o riporlo come azione veloce in combinazione con un normale movimento. Se si possiede il talento Combattere con Due Armi è possibile estrarre un’arma leggera o a una mano con una mano e uno scudo rapido nel tempo che normalmente sarebbe richiesto per estrarre un’arma. Se si possiede il talento Estrazione Rapida, è possibile impugnare o riporre uno scudo rapido come azione gratuita.","6","5300",NULL,"Mano"
"39","Scudo Rapido Leggero di Metallo","Questo scudo leggero ha speciali legami che permettono ad un personaggio competente negli scudi di impugnarlo o rimetterlo via sulla sua schiena in fretta e con facilità. Se si possiede Bonus di Attacco Base +1 o superiore è possibile impugnarlo o riporlo come azione veloce in combinazione con un normale movimento. Se si possiede il talento Combattere con Due Armi è possibile estrarre un’arma leggera o a una mano con una mano e uno scudo rapido nel tempo che normalmente sarebbe richiesto per estrarre un’arma. Se si possiede il talento Estrazione Rapida, è possibile impugnare o riporre uno scudo rapido come azione gratuita.","7","5900",NULL,"Mano"
"40","Scudo Pesante di Legno","Uno scudo si aggancia all’avambraccio e lo si tiene con la mano. Uno scudo di questo tipo è troppo pesante per poter usare la mano dello scudo per qualcos’altro.
Legno o Metallo: Gli scudi di legno o di metallo generalmente offrono la stessa protezione base, anche se rispondono in modo diverso ad alcuni incantesimi e effetti.
Attacchi con lo Scudo: È possibile colpire violentemente un avversario con uno scudo pesante. Vedi “scudo pesante” alla Tabella: Armi per i danni inflitti da un attacco con lo scudo. Usato in questo modo, lo scudo pesante è un’arma da guerra contundente. Per quanto riguarda le penalità di attacco, bisogna considerare lo scudo pesante come un’arma ad una mano. Se si usa lo scudo come un’arma, si perde il suo bonus alla CA fino al turno successivo. Un bonus di potenziamento su uno scudo non migliora l’efficacia del colpo con lo scudo, ma lo scudo stesso può essere reso un’arma magica.","10","700",NULL,"Mano"
"41","Scudo Pesante di Metallo","Uno scudo si aggancia all’avambraccio e lo si tiene con la mano. Uno scudo di questo tipo è troppo pesante per poter usare la mano dello scudo per qualcos’altro.
Legno o Metallo: Gli scudi di legno o di metallo generalmente offrono la stessa protezione base, anche se rispondono in modo diverso ad alcuni incantesimi e effetti.
Attacchi con lo Scudo: È possibile colpire violentemente un avversario con uno scudo pesante. Vedi “scudo pesante” alla Tabella: Armi per i danni inflitti da un attacco con lo scudo. Usato in questo modo, lo scudo pesante è un’arma da guerra contundente. Per quanto riguarda le penalità di attacco, bisogna considerare lo scudo pesante come un’arma ad una mano. Se si usa lo scudo come un’arma, si perde il suo bonus alla CA fino al turno successivo. Un bonus di potenziamento su uno scudo non migliora l’efficacia del colpo con lo scudo, ma lo scudo stesso può essere reso un’arma magica.","15","2000",NULL,"Mano"
"42","Scudo Torre","Questo massiccio scudo di legno è alto quasi quanto colui che lo tiene. In situazioni normali fornisce il bonus di scudo alla CA indicato, ma come azione standard lo si può anche utilizzare per ottenere una Copertura Totale fino al proprio turno successivo. Per fare ciò bisogna scegliere un lato del proprio spazio. Quel lato è trattato come un muro solido per tutti gli attacchi diretti contro di sé soltanto. Si ottiene copertura totale contro gli attacchi che passano attraverso questo lato e nessuna copertura per quegli attacchi che non passano attraverso quel lato). Uno scudo torre, comunque, non protegge da incantesimi con un bersaglio specifico; un incantatore può lanciare un incantesimo sull'utilizzatore sfruttando come bersaglio lo scudo che sta tenendo. Non si può colpire violentemente con uno scudo torre, e la mano che tiene lo scudo non può fare nient'altro.
Quando si utilizza uno scudo torre in combattimento si subisce penalità –2 al Tiro per Colpire a causa dell'ingombro dello scudo.","45","3000",NULL,"Mano"
"43","Colpo Senz'Armi","Un personaggio di taglia Media infligge 1d3 Danni Non Letali con un colpo senz'armi. Un personaggio di taglia Piccola infligge 1d2 danni non letali. Un Monaco o qualsiasi altro personaggio che possiede il talento Colpo Senz'Armi Migliorato può scegliere di infliggere danni letali o Danni Non Letali. I danni da un colpo senz'armi sono considerati danni da arma per quanto riguarda gli effetti che forniscono un bonus ai danni da arma.
Un colpo senz'armi è sempre considerato come fosse un'arma leggera. È quindi possibile usare il talento Arma Accurata per applicare il modificatore di Destrezza al posto del modificatore di Forza al Tiro per Colpire con un colpo senz'armi. I colpi senz'armi non contano come armi naturali (vedi Combattimento).","0","0",NULL,"Mano"
"44","Guanto d'Arme",NULL,"1","200",NULL,"Mano"
"45","Tirapugni",NULL,"1","100",NULL,"Mano"
"46","Aspersorio da Battaglia","Il nome di quest’arma, una mazza leggera con la testa cava, viene dall’aspersorio comune, un oggetto utilizzato dai sacerdoti per spruzzare acquasanta. Quando si colpisce una creatura, dai piccoli fori nella testa della mazza esce acquasanta; le creature che normalmente subiscono danni dall’acquasanta subiscono 1 danno oltre ai normali danni della mazza (un aspersorio non magico può infliggere danni dovuti all’acquasanta ad una creatura Incorporea, anche se la mazza vera e propria non infligge danni). Dopo 5 colpi, l’aspersorio da battaglia si svuota e deve essere riempito. Riempirlo di acquasanta è un’azione standard che provoca Attacchi di Opportunità (come bere una pozione). Un aspersorio pieno viene di solito tenuto con la testa rivolta in alto, per evitare perdite di acquasanta.","4","500",NULL,"Mano"
"47","Cestus","Il cestus è un guanto di pelle o di tessuto resistente che copre il braccio dalle dita all’avambraccio. Quest’arma da combattimento ravvicinato è rinforzata da piastre di metallo sulle dita e spesso coperta da spine sul dorso della mano e sui polsi. Quando si indossa un cestus si è considerati armati e si è in grado di infliggere danni letali con un colpo senz’armi. Se si è competenti nel cestus si può scegliere se infliggere danni contundenti o perforanti con un colpo senz’armi. I Monaci sono competenti nel cestus. Quando si utilizza un cestus, le dita sono quasi del tutto esposte, così da poter portare o impugnare oggetti con le mani, ma la costrizione dell'arma sulle nocche comporta penalità –2 a tutte le azioni che richiedono precisione e coinvolgono l'uso delle mani (ad esempio Scassinare una Serratura).","1","500",NULL,"Mano"
"48","Falcetto",NULL,"2","600",NULL,"Mano"
"49","Guanto d'Arme Chiodato",NULL,"1","500",NULL,"Mano"
"50","Mazza Leggera",NULL,"4","500",NULL,"Mano"
"51","Paletto di Legno",NULL,"1","0",NULL,"Mano"
"52","Pugnale","Il pugnale è dotato di una lama lunga circa 30 cm. Se si vuole nascondere un pugnale su di sé, si applica bonus +2 alle prove di Rapidità di Mano (vedi Utilizzare le abilità).","1","200",NULL,"Mano"
"53","Pugnale da Mischia",NULL,"1","200",NULL,"Mano"
"54","Lancia Corta",NULL,"3","100",NULL,"Mano"
"55","Mazza Pesante",NULL,"8","1200",NULL,"Mano"
"56","Morning Star",NULL,"6","800",NULL,"Mano"
"57","Randello",NULL,"3","0",NULL,"Mano"
"58","Randello Mere (P)",NULL,"2","200",NULL,"Mano"
"59","Baionetta",NULL,"1","500",NULL,"Mano"
"60","Bastone Ferrato",NULL,"4","0",NULL,"Mano"
"61","Lancia",NULL,"6","200",NULL,"Mano"
"62","Lancia da Cinghiale","Questa lancia dalla punta a spirale ha una barra di metallo perpendicolare all'asta a metà della sua lunghezza. Se si prepara un'azione per puntare quest'arma contro una Carica e l'attacco colpisce, si ottiene Bonus di Scudo +2 alla CA contro la creatura colpita fino al proprio turno successivo.","8","500",NULL,"Mano"
"63","Lancia Lunga",NULL,"9","500",NULL,"Mano"
"64","Balestra Leggera","Una balestra leggera si carica tirando una leva. Caricare una balestra leggera è un'azione di movimento che provoca Attacchi d'Opportunità.
Normalmente una balestra leggera richiede due mani per essere utilizzata. Si può comunque sparare, ma non caricare, una balestra leggera con una mano con penalità –2 al Tiro per Colpire. È possibile sparare con due balestre leggere tenendole una in ogni mano, ma si subiscono penalità al tiro per colpire come se si attaccasse con due armi leggere. Questa penalità è cumulativa con la penalità applicata quando si spara con una mano sola.","4","3500",NULL,"Mano"
"65","Balestra Pesante","Una balestra pesante si carica girando una piccola manovella. Caricare una balestra è un'azione di round completo che provoca attacchi di opportunità. Normalmente una balestra pesante richiede due mani per essere utilizzata. Si può comunque sparare, ma non caricare, una balestra pesante con una mano con penalità –4 al tiro per colpire. È possibile sparare con due balestre pesanti tenendole una in ogni mano, ma si subiscono penalità al Tiro per Colpire come se si attaccasse con due armi a una mano. Questa penalità è cumulativa con la penalità applicata quando si spara con una mano sola.","8","5000",NULL,"Mano"
"66","Cerbottana",NULL,"1","200",NULL,"Mano"
"67","Fionda",NULL,"0","0",NULL,"Mano"
"68","Giavellotto","Quest’arma è una lancia leggera e flessibile concepita per essere lanciata. Dal momento che non è concepita per l’uso in mischia, si è considerati come non competenti e si subisce penalità –4 al Tiro per Colpire in mischia se si usa un giavellotto in un attacco ravvicinato.","2","100",NULL,"Mano"
"69","Ascia",NULL,"3","600",NULL,"Mano"
"70","Ascia da Lancio",NULL,"2","800",NULL,"Mano"
"71","Astrum",NULL,"3","2400",NULL,"Mano"
"72","Bastone Animato","Questa sottile lama leggera è contenuta in una custodia di legno che la nasconde. È possibile estrarre la lama come azione veloce (o gratuita se si possiede il talento Estrazione Rapida). Chi osserva deve effettuare una prova di Percezione con CD 20 per rendersi conto che un bastone animato non estratto è un'arma invece che un bastone da passeggio; la CD scende a 10 se anche chi osserva è competente nell'arma.","4","4500",NULL,"Mano"
"73","Dardo Wushu (5)",NULL,"0","100",NULL,"Mano"
"74","Gladio (G)",NULL,"3","1500",NULL,"Mano"
"75","Jutte",NULL,"1","800",NULL,"Mano"
"76","Kerambit","Questo piccolo pugnale ricurvo è dotato di un anello di metallo alla base dell'impugnatura che permette di sorreggerlo con un dito o legarlo ai capelli con un laccio. Anche se piccola, la lama ricurva può infliggere ferite brutali. E' facile da nascondere (bonus +2 alle prove di Rapidità di Mano effettuate per nascondere il kerambit sul proprio corpo), ed è una delle armi occultabili preferite da Ninja e Assassini.","0","200",NULL,"Mano"
"77","Kukri",NULL,"2","800",NULL,"Mano"
"78","Lungchuan Tamo",NULL,"1","500",NULL,"Mano"
"79","Manganello",NULL,"2","100",NULL,"Mano"
"80","Martello Leggero",NULL,"2","100",NULL,"Mano"
"81","Pennello di Ferro",NULL,"0","200",NULL,"Mano"
"82","Piccone Leggero",NULL,"3","400",NULL,"Mano"
"83","Shang Gou",NULL,"1","600",NULL,"Mano"
"84","Spada Corta",NULL,"2","1000",NULL,"Mano"
"85","Spada Farfalla",NULL,"1","2000",NULL,"Mano"
"86","Tonfa",NULL,"1","100",NULL,"Mano"
"87","Ascia da Battaglia",NULL,"6","1000",NULL,"Mano"
"88","Dao a Nove Anelli",NULL,"4","1500",NULL,"Mano"
"89","Ji Dao Lin Doppio",NULL,"3","1200",NULL,"Mano"
"90","Klar",NULL,"6","1200",NULL,"Mano"
"91","Martello da Guerra",NULL,"5","1200",NULL,"Mano"
"92","Mazzafrusto","Un mazzafrusto consiste in una sfera chiodata di metallo appesa ad una robusta catena che pende da un grosso manico, di varie dimensioni e peso.","5","800",NULL,"Mano"
"93","Piccone Pesante",NULL,"6","800",NULL,"Mano"
"94","Scimitarra",NULL,"4","1500",NULL,"Mano"
"95","Scissor (G)","Lo scissor è un tubo indurito che si adatta all'avambraccio del portatore e termina con una lama semicircolare usata per sferrare devastanti attacchi in mischia taglienti. Lo scissor conferisce Bonus di Scudo +1 alla CA, ma se il personaggio attacca con la lama, perde il bonus alla CA per quel round e subisce penalità -1 ai Tiri per Colpire con lo scissor. Finché si indossa uno scissor, non si può usare quella mano per fare altro. Uno scissor conferisce a chi lo indossa bonus +10 alla DMC per evitare di essere disarmato dallo scissor. Indossare uno scissor è un'azione di round completo.
","3","2000",NULL,"Mano"
"96","Sibat",NULL,"2","200",NULL,"Mano"
"97","Spada Lunga",NULL,"4","1500",NULL,"Mano"
"98","Stocco","È possibile utilizzare il talento Arma Accurata per applicare il modificatore di Destrezza al posto del modificatore di Forza al Tiro per Colpire con uno stocco della propria misura, anche se non è considerato un'arma leggera. Non si può utilizzare lo stocco con due mani per aggiungere una volta e mezzo il bonus di Forza ai danni.","2","2000",NULL,"Mano"
"99","Terbutje (P)","Questo lungo asse di legno temprato, chiamato anche macuahuitl, è tempestato di denti di squalo, frammenti di ossidiana, vetro o materiali simili per tutta la sua lunghezza.","2","500",NULL,"Mano"
"100","Tridente",NULL,"4","1500",NULL,"Mano"
"101","Alabarda",NULL,"12","1000",NULL,"Mano"
"102","Alabarda Tridente",NULL,"8","500",NULL,"Mano"
"103","Ascia Bipenne",NULL,"12","2000",NULL,"Mano"
"104","Bec de Corbin","Il bec de corbin è un'arma ad asta simile al mazzapicchio, ma la testa di martello è arrotondata invece che appuntita e la punta è più resistente e dotata di gancio. L'attacco primario avviene con la punta. Si ottiene bonus +2 al BMC quando si tenta di spezzare armature medie e pesanti con un bec de corbin.","12","1500",NULL,"Mano"
"105","Berdica","La lama d’ascia curva di quest’arma ad asta è saldata all’asta in due punti: il centro della lama si fissa in un incavo in cima all’asta, mentre la sua estremità più bassa ad un punto secondario. La lama è spesso molto lunga, a volte quanto l’asta.
Si ottiene bonus +2 alla DMC per resistere ad un tentativo di Spezzare la berdica.","14","1300",NULL,"Mano"
"106","Corsesca",NULL,"12","1000",NULL,"Mano"
"107","Falce",NULL,"10","1800",NULL,"Mano"
"108","Falchion",NULL,"8","7500",NULL,"Mano"
"109","Falcione",NULL,"10","1200",NULL,"Mano"
"110","Giusarma",NULL,"12","900",NULL,"Mano"
"111","Gravina (P)",NULL,"12","1200",NULL,"Mano"
"112","Lancia da Cavaliere","Una lancia da cavaliere infligge danni raddoppiati quando viene utilizzata dalla sella di una cavalcatura in Carica. Mentre si è in sella si può imbracciarla con una mano.","10","1000",NULL,"Mano"
"113","Lancia Uncinata",NULL,"10","300",NULL,"Mano"
"114","Mattock (P)",NULL,"12","1200",NULL,"Mano"
"115","Mazzafrusto Pesante","Un mazzafrusto consiste in una sfera chiodata di metallo appesa ad una robusta catena che pende da un grosso manico, di varie dimensioni e peso.","10","1500",NULL,"Mano"
"116","Mazzapicchio","Quest’arma ad asta ha una testa di martello per colpire ed una testa a punta per penetrare e rompere le armature. La maggior parte degli attacchi si effettua con il martello. L’asta lunga permette a chi lo impugna di applicare una forza straordinaria ai colpi. Con un mazzapicchio si ottiene bonus +2 al BMC per spezzare armature medie e pesanti.","12","1500",NULL,"Mano"
"117","Naginata",NULL,"9","3500",NULL,"Mano"
"118","Nodachi","Questa lunga arma a due mani, termina con un'esile lama lunga 120 cm mortalmente affilata a un'estremità. Viene usata principalmente dalle truppe di fanteria per attaccare i combattenti a cavallo e può essere utilizzata per scalzare i cavaliere dalle loro cavalcature o preparata contro una Carica.","8","6000",NULL,"Mano"
"119","Randello Pesante",NULL,"8","500",NULL,"Mano"
"120","Rhomphaia (P)",NULL,"10","1500",NULL,"Mano"
"121","Roncone","La lama di quest'arma ad asta è ad uncino o ricurva, con una punta che fuoriesce dal retro della lama. La punta viene di solito utilizzata per bloccare e parare. Quando si combatte sulla difensiva o si è in difesa totale, quest'arma concede bonus di scudo +1 alla CA. Un avversario a cavallo colpito da un roncone subisce penalità –1 alla prova di Cavalcare effettuata per restare in sella.","11","1100",NULL,"Mano"
"122","Sansetsukon",NULL,"3","800",NULL,"Mano"
"123","Spaccaterra",NULL,"14","4000",NULL,"Mano"
"124","Spada dalle Tre Punte a Due Tagli",NULL,"14","1200",NULL,"Mano"
"125","Spadone",NULL,"8","5000",NULL,"Mano"
"126","Tepoztopilli (P)","La cima di quest'arma su asta in legno è sormontata da frammenti acuminati di ossidiana, vetro, denti o materiali analoghi. La grossa testa è efficace nell'infliggere sia danni perforanti che taglienti.","8","800",NULL,"Mano"
"127","Yueyachan",NULL,"12","2000",NULL,"Mano"
"128","Amentum (G)","Un amentum è un lungo laccio di cuoio a cui è attaccato un giavellotto. Prima del lancio, l'amentum viene avvolto attorno all'asta del giavellotto. Poi il portatore scaglia il giavellotto stringendo in mano l'amentum per impartire forza all'arma e migliorare la sua gittata. Attaccare un amentum al giavellotto è un'azione di movimento, mentre riavvolgerlo è un'azione di round completo. Un giavellotto può essere custodito con un amentum già avviluppato attorno all'asta. Un giavellotto avviluppato da un amentum è considerato un'arma da guerra.","1","0",NULL,"Mano"
"129","Arco Corto",NULL,"2","3000",NULL,"Mano"
"130","Chakram",NULL,"1","100",NULL,"Mano"
"131","Freccia Fumogena",NULL,"0","1000",NULL,"Mano"
"132","Freccia Smussata (20)",NULL,"3","200",NULL,"Mano"
"133","Arco Corto Composito","Sono necessarie almeno due mani per usare un arco, indipendentemente dalla sua taglia. Si può usare un arco corto composito mentre si è in sella. Gli archi compositi vengono tarati su un particolare punteggio di Forza (ovvero richiedono un modificatore di Forza minimo affinché si possa utilizzarli con efficacia). Se il bonus di Forza è inferiore a quello necessario, non si può utilizzare l'arco composito con efficacia, quindi si subisce penalità –2 al tiro per colpire. Il modello standard di arco corto composito richiede bonus di Forza +0 oppure superiore per essere utilizzato con competenza. Un arco corto composito può essere costruito con tiranti particolarmente pesanti per avvantaggiarsi di punteggi di Forza superiori alla media: in questo modo è possibile aggiungere il bonus di Forza ai danni fino al bonus massimo elencato. Ogni punto di bonus di Forza dato dall'arco aumenta il suo costo di 75 mo. Se si ha una penalità di Forza, la si applica ai danni quando si usa un arco corto composito. L'arco corto composito viene considerato come fosse un arco corto per quanto riguarda Arma Focalizzata, Competenza nelle Armi e talenti simili.","2","7500",NULL,"Mano"
"134","Arco Lungo",NULL,"3","7500",NULL,"Mano"
"135","Arco Lungo Composito","Sono necessarie almeno due mani per usare un arco, a prescindere dalla sua taglia. Si può usare un arco lungo composito mentre si è in sella. Gli archi compositi vengono tarati su un particolare punteggio di Forza (ovvero richiedono un modificatore di Forza minimo affinché si possa utilizzarli con efficacia). Se il bonus di Forza è inferiore a quello necessario, non si può utilizzare l'arco composito con efficacia, quindi si subisce penalità –2 al Tiro per Colpire. Il modello standard di arco lungo composito richiede un bonus di Forza +0 oppure superiore per essere utilizzato con competenza. Un arco lungo composito può essere costruito con tiranti particolarmente pesanti per avvantaggiarsi di punteggi di Forza superiori alla media: in questo modo è possibile aggiungere il bonus di Forza ai danni fino al bonus massimo elencato. Ogni punto di bonus di Forza dell'arco aumenta il suo costo di 100 mo. Se si ha una penalità di Forza, la si applica ai danni quando si usa un arco lungo composito. L'arco lungo composito viene considerato come fosse un arco lungo per quanto riguarda Arma Focalizzata, Competenza nelle Armi e talenti simili.","3","10000",NULL,"Mano"
"136","Pilum","La punta di questo giavellotto pesante è fatta per spezzarsi ed incastrarsi in uno scudo una volta colpito. Come tutte le munizioni, un pilum che colpisce il bersaglio viene distrutto. Se si colpisce con il pilum un avversario che impugna uno scudo, questi perde i bonus dati dallo scudo alla CA finché non utilizza un'azione standard per rimuovere i resti del pilum dallo scudo.","4","500",NULL,"Mano"
"137","Propulsore (P)","Un propulsore è un sottile pezzo di legno o corno usato come leva per scagliare un dardo appositamente fabbricato. Un propulsore conferisce una gittata assai superiore a un dardo, ma va caricato come un'arma a proiettili. Si applica il modificatore di Forza del personaggio ai tiri per i danni quando si usa un propulsore, allo stesso modo delle armi da lancio. È possibile fare fuoco con un propulsore (ma non caricarlo) con una sola mano. Caricare un propulsore è un'azione di movimento che richiede due mani e provoca Attacchi d'Opportunità. È possibile acquisire il talento Ricarica Rapida per i propulsori, che consente di scagliare un dardo come azione gratuita. I dardi da propulsore sono grandi quanto un giavellotto, ma sono dotati di piume e possono essere usati come giavellotti anche senza un propulsore.","2","200",NULL,"Mano"
"138","Aklys (G)","L'aklys è un randello uncinato da lancio legato a una corda di 6 metri; un personaggio può recuperarlo dopo averlo lanciato con un'azione di movimento. L'uncino consente di effettuare attacchi per Sbilanciare a distanza. Alcuni aklys sono forati in modo da mettere un fischio quando vengono scagliati.","2","500",NULL,"Mano"
"139","Dan Bong","Questi corti bastoni smussati sono tenuti in mano per potenziare tecniche marziali senz'armi. Forniscono al portatore la capacità di bloccare un avversario e di prendere come bersaglio punti di pressione ottenendo bonus +2 alla sua Manovra in Combattimento per Lottare.","0","10",NULL,"Mano"
"140","Emeici",NULL,"0","300",NULL,"Mano"
"141","Frusta Scorpione (G)",NULL,"3","500",NULL,"Mano"
"142","Kama",NULL,"2","200",NULL,"Mano"
"143","Madu di Cuoio (G)","Il madu è uno scudo leggero rotondo con due corna animali (solitamente di un'antilope) che si protendono dai lati opposti dello scudo. Chi è competente nel madu può usarlo per Combattere sulla Difensiva con penalità -2 invece della normale penalità -4, e la sua penalità agli attacchi per l'utilizzo di Maestria in Combattimento migliora di +1 (fino a penalità minima -1). Un personaggio non può tenere nient'altro con la mano che regge un madu. Chi non è competente nel madu lo considera uno scudo leggero chiodato.","5","4000",NULL,"Mano"
"144","Madu di Metallo (G)","Il madu è uno scudo leggero rotondo con due corna animali (solitamente di un'antilope) che si protendono dai lati opposti dello scudo. Chi è competente nel madu può usarlo per Combattere sulla Difensiva con penalità -2 invece della normale penalità -4, e la sua penalità agli attacchi per l'utilizzo di Maestria in Combattimento migliora di +1 (fino a penalità minima -1). Un personaggio non può tenere nient'altro con la mano che regge un madu. Chi non è competente nel madu lo considera uno scudo leggero chiodato.","6","4000",NULL,"Mano"
"145","Noccoliera ad Ascia (G)","Le noccoliere ad ascia, solitamente usate in coppia, assomigliano alla lama di un'ascia montata su un tirapugni. È possibile tenere, ma non impugnare, un'arma o un altro oggetto con la mano su cui si indossa una noccoliere ad ascia. A differenza di un tirapugni, non si può usare la mano che indossa una noccoliere ad ascia per lanciare incantesimi.","2","900",NULL,"Mano"
"146","Nunchaku",NULL,"2","200",NULL,"Mano"
"147","Pata (G)",NULL,"3","1400",NULL,"Mano"
"148","Pugnale Spaccaspada","È possibile utilizzare questo pugnale per disarmare o spezzare le lame degli avversari, incastrandole nelle scanalature poste sul retro della lama. Se si è competenti in quest’arma, aggiungere +4 ai tentativi di Disarmare o Spezzare contro le armi dotate di lama degli avversari.
","3","1000",NULL,"Mano"
"149","Quadrens (G)","Un quadrens sembra un pugnale, ma è dotato di quattro spuntoni montati su base quadrata anziché di un'unica lama. Quando si mette a segno un colpo critico con un quadrens, la ferita inflitta provoca 1 danno da Sanguinamento.","2","800",NULL,"Mano"
"150","Sai","Le dentellature, simili a quelle di una forca, rendono il sai particolarmente adatto a bloccare l’arma dell’avversario per disarmarlo. Con un sai si ottiene bonus +4 alla prova di Manovra in Combattimento per Spezzare l’ama di un avversario. Anche se a punta, un sai è usato principalmente per colpire gli avversari in modo contundente o per disarmare.","1","100",NULL,"Mano"
"151","Siangham",NULL,"1","300",NULL,"Mano"
"152","Sica (G)",NULL,"2","1000",NULL,"Mano"
"153","Tekko-Kagi (Artigli di Ferro)","Questo congegno, noto come artigli di ferro, consiste in una struttura simile a un ventaglio, composta da cinque lame lunghe 25 cm e assicurata a una solida impugnatura legata all'avambraccio della mano secondaria. Può essere usata come arma offensiva, difensivamente come un buckler, oppure per Disarmare un avversario senza provocare Attacchi d'Opportunità. Fornisce a chi la brandisce Bonus di Circostanza +2 ai tentativi di Disarmare o Spezzare pugnali o altre armi dalla lama stretta.","0","200",NULL,"Mano"
"154","Ventaglio da Guerra",NULL,"0","500",NULL,"Mano"
"155","Wakizashi",NULL,"2","3500",NULL,"Mano"
"156","Ascia da Guerra Nanica","Un’ascia da guerra nanica è dotata di una lama spessa e decorata infilata su un manico massiccio ed è troppo grande per essere usata in una mano senza un addestramento speciale, quindi viene considerata un’arma esotica. Un personaggio di taglia Media può usare un’ascia da guerra nanica con due mani come arma da guerra, oppure una creatura di taglia Grande può usarla in una mano allo stesso modo. Per i nani è un’arma da guerra anche quando la utilizzano a una mano.","8","3000",NULL,"Mano"
"157","Ascia Uncinata (G)",NULL,"7","2000",NULL,"Mano"
"158","Falcata",NULL,"4","1800",NULL,"Mano"
"159","Frusta","La frusta non infligge danni a creature che abbiano almeno Bonus di Armatura +1 o Bonus di Armatura Naturale +3. Una frusta è considerata un’arma da mischia con una portata di 4,5 metri, ma non si minaccia l’area in cui si può sferrare l’attacco. In più, diversamente da altre armi con portata, è possibile usarla contro qualsiasi nemico entro la portata (inclusi i nemici adiacenti).
Usare una frusta provoca Attacchi d'Opportunità, come se si trattasse di un’arma a distanza.
È possibile usare il talento Arma Accurata per applicare il modificatore di Destrezza al posto del modificatore di Forza al Tiro per Colpire con una frusta della propria misura, anche se essa non è considerata un’arma leggera.","2","100",NULL,"Mano"
"160","Frusta a Nove Sezioni",NULL,"3","800",NULL,"Mano"
"161","Katana","Le katane, fabbricate specificamente per i Samurai, sono frutto di vari tipi di acciaio uniti assieme in un particolare processo di forgiatura. Il risultato è una spada famosa per la sua lama leggermente ricurva, mortalmente affilata ma molto sottile, concepita per sferrare eleganti colpi taglienti in grado di recidere le teste e gli arti degli avversari. Anche se finemente bilanciate, queste lame sono assai difficili da padroneggiare. I personaggi possono usare una katana a due mani come arma da guerra, ma devono acquisire il talento Competenza nelle Armi Esotiche (katana) per usarla a una mano.","6","5000",NULL,"Mano"
"162","Khopesh",NULL,"8","2000",NULL,"Mano"
"163","Sciabola Dentata",NULL,"2","3500",NULL,"Mano"
"164","Shotel (G)",NULL,"3","3000",NULL,"Mano"
"165","Spada Bastarda","Le spade bastarde sono lunghe circa 120 cm, il che le rende troppo grandi per essere usate ad una mano senza uno speciale addestramento, quindi sono considerate armi esotiche. Si può usare una spada bastarda con due mani come arma da guerra.","6","3500",NULL,"Mano"
"166","Spada Rhoka",NULL,"6","500",NULL,"Mano"
"167","Spada Aldori",NULL,"3","2000",NULL,"Mano"
"168","Spada del Tempio",NULL,"3","3000",NULL,"Mano"
"169","Taiaha (P)",NULL,"8","1000",NULL,"Mano"
"170","Terbutje Pesante (P)",NULL,"4","1200",NULL,"Mano"
"171","Urumi",NULL,"6","3000",NULL,"Mano"
"172","Wahaika (P)",NULL,"3","300",NULL,"Mano"
"173","Arpione (P)",NULL,"16","500",NULL,"Mano"
"174","Bastone Animato a Doppia Katana","Questa singola custodia nasconde un paio di spade gemelle da combattimento perfettamente bilanciate per essere brandite in coppia. Nonostante il loro nome, le lame sono più simili al più corto Wakizashi. Quando le lame sono nascoste nella custodia, quest'arma può essere usata come bastone ferrato.","6","5000",NULL,"Mano"
"175","Bastone Bo",NULL,"3","100",NULL,"Mano"
"176","Catena Chiodata",NULL,"10","2500",NULL,"Mano"
"177","Doppia Ascia Orchesca",NULL,"15","6000",NULL,"Mano"
"178","Doppio Kama Incatenato","Quest'arma è composta da un paio di kama legati da un tratto di catena lungo 2,4 m. Chi la brandisce può attaccare come se fosse armato con singolo kama in ogni mano, o allungare la catena per sferrare un singolo attacco con portata. Agitando la catena, il portatore può sferzare con il kama per disarmare o sbilanciare gli avversari. Inoltre, se una delle armi viene fatta cadere, il portatore può recuperarla come azione gratuita tirando la catena.","4","800",NULL,"Mano"
"179","Kusarigama (Falcetto e Catena)",NULL,"3","1200",NULL,"Mano"
"180","Kyoketsu Shoge",NULL,"1","600",NULL,"Mano"
"181","Lama Volante (G)","Una lama volante è una grossa lama a forma di falce ancorata a una catena lunga 3 metri. Un personaggio può combattere con una lama volante facendola roteare sopra la testa o scagliandola contro un avversario. La lama volante è un'arma maldestra e subisce penalità -­2 ai Tiri per Colpire, ma quando un personaggio effettua un Attacco di Opportunità provocato dal movimento, riceve bonus +2 ai Tiri per Colpire anziché subire penalità.","12","4000",NULL,"Mano"
"182","Lancia con Catena","Quest'arma viene spesso usata nei giochi gladiatori per la sua versatilità. Il corpo dell'arma è costituito da una normale lancia corta, usata soprattutto per gli affondi. Al fondo della lancia è attaccata una catena, spesso chiodata e terminante in un uncino. L'uncino e la catena possono essere utilizzati per Sbilanciare. Se l'attacco per Sbilanciare fallisce di 10 o più è possibile lasciare la lancia con catena per evitare di essere Sbilanciati.","13","1500",NULL,"Mano"
"183","Liuxing Chui","Quest'arma è composta da uno o due pesi sferici legati a una catena lunga 3 metri. Chi la brandisce fa roteare i pesi affinché si avviluppino attorno al corpo di un avversario. Se il tentativo di sbilanciare con un liuxing chui ha successo, il personaggio può trascinare l'avversario verso di sé di 1,5 metri invece di buttarlo a terra Prono. Quest'arma può essere utilizzata in due modi diversi. In modalità meteora è usata come arma doppia, mentre in modalità fortezza non può essere usata come arma doppia ma ottiene portata e Bonus di Scudo +1 alla CA. Per passare da una modalità all'altra si usa un'azione gratuita all'inizio del proprio turno.","10","1000",NULL,"Mano"
"184","Martello-Picca Gnomesco","Un martello-picca gnomesco è un'arma doppia: un ingegnoso attrezzo con la testa di martello alla fine del manico e una picca ricurva sul lato opposto. L'estremità contundente del martello è un'arma contundente che infligge 1d6 danni (critico x3). La picca è un'arma perforante che infligge 1d4 danni (critico x4). È possibile usare una delle due estremità come estremità primaria dell'arma. Gli gnomi considerano il martello-picca gnomesco come un'arma da guerra.","6","2000",NULL,"Mano"
"185","Mazzafrusto Doppio",NULL,"10","9000",NULL,"Mano"
"186","Sciabola Elfica",NULL,"7","8000",NULL,"Mano"
"187","Spada a Due Lame",NULL,"10","10000",NULL,"Mano"
"188","Spada a Sette Rami",NULL,"7","5000",NULL,"Mano"
"189","Tetsubo",NULL,"10","2000",NULL,"Mano"
"190","Urgrosh Nanico","Un urgrosh nanico è un'arma doppia con una testa d'ascia e una punta di lancia alle estremità opposte di un lungo manico. L'estremità ascia dell'urgrosh è un'arma tagliente che infligge 1d8 danni. La sua estremità lancia è un'arma perforante che infligge 1d6 danni. Si possono usare entrambe le estremità come estremità primaria dell'arma. L'altra conta come arma secondaria. Se si utilizza l'urgrosh nanico contro una carica, l'estremità lancia è la parte dell'arma che infligge i danni. I Nani considerano l'urgrosh nanico come un'arma da guerra.","12","5000",NULL,"Mano"
"191","Balestra Doppia","Quest'arma pesante lancia due quadrelli dalla punta in metallo con una sola pressione del grilletto. A causa della taglia e del peso si subisce penalità –4 all'attacco se si è competenti o –8 se non lo si è. Se l'attacco colpisce, il bersaglio subisce danni da ambo i quadrelli. I danni da Colpo Critico, Attacco Furtivo ed altri danni dovuti alla precisione si applicano solo al primo quadrello. Ricaricare un quadrello è un'azione standard; il talento Ricarica Rapida lo riduce a un'azione di movimento. Padronanza delle Balestre permette di ricaricare entrambi i quadrelli come azione di movimento.","18","30000",NULL,"Mano"
"192","Balestra a mano","È possibile caricare una balestra a mano con le mani. Caricare una balestra a mano è un'azione di movimento che provoca attacchi di opportunità.
È possibile sparare, ma non ricaricare, utilizzando una mano sola, senza penalità. È possibile sparare con due balestre a mano tenendole una in ogni mano, ma il personaggio subisce penalità al Tiro per Colpire come se attaccasse con due armi leggere.","2","10000",NULL,"Mano"
"193","Boomerang",NULL,"3","300",NULL,"Mano"
"194","Kestros (P)","Il kestros è una fionda dalla forma insolita, usata per lanciare dardi. Un personaggio applica il suo modificatore di Forza ai tiri per i danni quando lo usa, come fa per le armi da lancio. È possibile fare fuoco con un kestros (ma non caricarlo) usando una mano sola. Caricare un kestros è un'azione di movimento che richiede due mani e provoca Attacchi d'Opportunità. Gli Halfling considerano il kestros un'arma da guerra.","1","100",NULL,"Mano"
"195","Balestra a Ripetizione Leggera","La balestra a ripetizione (sia leggera che pesante) contiene 5 quadrelli. Finché contiene quadrelli, si può ricaricare tirando la leva di ricarica (azione gratuita). Caricare un nuovo astuccio con 5 quadrelli è un'azione di round completo che provoca attacchi di opportunità.
Si può sparare con una mano sola o con due mani come fosse una normale balestra della stessa taglia. Tuttavia, sono necessarie due mani per utilizzare la leva di ricarica che permette il fuoco a ripetizione, e sono necessarie due mani anche per caricare un nuovo astuccio di quadrelli.","6","25000",NULL,"Mano"
"196","Balestra a Ripetizione Pesante","La balestra a ripetizione (sia leggera che pesante) contiene 5 quadrelli. Finché contiene quadrelli, si può ricaricare tirando la leva di ricarica (azione gratuita). Caricare un nuovo astuccio con 5 quadrelli è un'azione di round completo che provoca attacchi di opportunità.
Si può sparare con una mano sola o con due mani come fosse una normale balestra della stessa taglia. Tuttavia, sono necessarie due mani per utilizzare la leva di ricarica che permette il fuoco a ripetizione, e sono necessarie due mani anche per caricare un nuovo astuccio di quadrelli.","12","40000",NULL,"Mano"
"197","Bastone Fionda Halfling","Ricavato da una fionda appositamente ideata attaccata ad un corto manico, il bastone fionda può essere usato da chi è competente con effetti devastanti. Si applica il bonus di Forza ai danni quando si attacca con un bastone fionda, come per tutte le armi da lancio. È possibile lanciare, ma non ricaricare, con una mano sola. Caricare un bastone fionda halfling è un'azione di movimento che richiede due mani e provoca Attacchi d'Opportunità.
Si possono scagliare pietre con un bastone fionda halfling, ma le pietre non sono cosi compatte o rotonde come i proiettili, quindi l'attacco viene trattato come se l'arma fosse adatta a una creatura più piccola di una categoria di taglia e si subisce penalità –1 al Tiro per Colpire.
Un bastone fionda halfling può essere usato come arma semplice che infligge danni contundenti pari a quelli che infliggerebbe un randello della stessa taglia. Gli halfling considerano il bastone fionda halfling come arma da guerra.","3","2000",NULL,"Mano"
"198","Bolas",NULL,"2","500",NULL,"Mano"
"199","Sheng Biao",NULL,"0","100",NULL,"Mano"
"200","Shuriken (10)","Lo shuriken è un piccolo pezzo di metallo con le estremità affilate, ideato per essere lanciato. Lo shuriken non può essere usato come arma in mischia. Sebbene appartengano alla categoria delle armi da lancio, gli shuriken vengono considerati munizioni per quanto riguarda i tempi di estrazione, la creazione di armi perfette o altre versioni speciali delle stesse e quel che succede dopo che sono stati lanciati.","1","200",NULL,"Mano"
